iter,f1_macro,f1_micro
0,0.58103,0.6122
50,0.6321,0.65572
100,0.6681,0.68575
150,0.68998,0.70402
